generated_at_utc,municipality,lat,lon,region,elevation_m,coastal,source_status,base_precip_24h_in,precip_probability_avg,precip_probability_max,base_temp_f,relative_humidity,wind_speed_mph,wind_dir_deg,periods_used,mrms_qpe_24h_in,mrms_status,nearby_gage_stage_ft,nearby_gage_flow_cfs,nearest_gage_miles,active_nws_alerts,month,hour,pw_in,dust_index,mrms_qpe_1h_in,mrms_qpe_3h_in,mrms_qpe_6h_in,soil_proxy_7d_in,predicted_bias_in,corrected_precip_24h_in,ensemble_spread_in,precip_p10_in,precip_p90_in,rf_p10_in,rf_p90_in,prob_ge_1in,prob_ge_2in,prob_ge_4in,month_sin,month_cos,hour_sin,hour_cos,base_heat_index_f,wind_u_proxy,wind_v_proxy,northness,westness,region_north_coast,region_south_coast,region_west,region_east,region_central_mountains,rain_risk,operational_risk_score,impact_level,heat_risk,quality_flag,data_completeness_pct
2026-07-03T21:39:07+00:00,Juana Diaz,18.053,-66.506,south_coast,65,1,pop_proxy_no_qpf,0.043,4.5,20.0,83.9,66.3,10.4,86.2,24,0.0,ok,4.4,6.2,0.342052049080461,0,7,17,1.9,0.2,0.0,0.0,0.0,0.0,0.445656062161255,0.48865606216125496,0.4600322145078735,0.0,1.0227158735380228,0.10200000000000001,1.6829999999999994,0.0,0.0,0.0,-0.4999999999999997,-0.8660254037844388,-0.9659258262890683,-0.25881904510252063,89.12252310058915,0.06627390040000007,0.99780146829205,-0.14699999999999847,0.20600000000000307,0,1,0,0,0,bajo,7.575216683773805,bajo,bajo,pop_proxy_no_qpf,100.0
2026-07-03T21:39:07+00:00,Ponce,18.011,-66.614,south_coast,15,1,pop_proxy_no_qpf,0.046,4.8,20.0,85.5,63.4,10.6,90.9,24,0.0,ok,2.26,3.11,2.30375830736528,0,7,17,1.9,0.2,0.0,0.0,0.0,0.0,0.388989159132864,0.434989159132864,0.4950884548473426,0.0,1.0214965402046896,0.09599999999999999,1.6793333333333331,0.0,0.0,0.0,-0.4999999999999997,-0.8660254037844388,-0.9659258262890683,-0.25881904510252063,91.34068859879994,-0.015707317311820748,0.9998766324816606,-0.18900000000000006,0.31400000000000716,0,1,0,0,0,bajo,5.914880750461504,bajo,bajo,pop_proxy_no_qpf,100.0
2026-07-03T21:39:07+00:00,San German,18.082,-67.044,west,88,0,pop_proxy_no_qpf,0.084,8.8,30.0,82.8,80.3,9.5,102.2,24,0.0,ok,2.65,19.2,2.613711534410094,0,7,17,1.9,0.2,0.0,0.0,0.0,0.0,0.6556912025396338,0.7396912025396337,0.3558989557916698,0.04260999402594767,1.1822432918391361,0.1465,1.7839999999999998,0.2,0.0,0.0,-0.4999999999999997,-0.8660254037844388,-0.9659258262890683,-0.25881904510252063,90.88198991347598,-0.21132479645538865,0.9774158942860959,-0.11799999999999855,0.7439999999999998,0,0,1,0,0,bajo,9.46160322793597,bajo,bajo,pop_proxy_no_qpf,100.0
2026-07-03T21:39:07+00:00,San Juan,18.465,-66.105,north_coast,8,1,pop_proxy_no_qpf,0.248,25.8,50.0,82.5,81.5,13.2,90.0,24,0.0,ok,2.71,2.19,3.4199108270836267,0,7,17,1.9,0.2,0.0,0.0,0.0,0.0,0.44280536914745156,0.6908053691474516,0.3782190931906219,0.0,1.2006825402046895,0.298,1.9479999999999997,0.2,0.0,0.0,-0.4999999999999997,-0.8660254037844388,-0.9659258262890683,-0.25881904510252063,90.45889728812497,6.123233995736766e-17,1.0,0.26500000000000057,-0.19499999999999318,1,0,0,0,0,bajo,8.953859060621967,bajo,bajo,pop_proxy_no_qpf,100.0
2026-07-03T21:39:07+00:00,Adjuntas,18.163,-66.723,central_mountains,494,0,pop_proxy_no_qpf,0.12,12.5,50.0,76.3,81.8,5.4,112.5,24,12.5,ok,4.06,40.8,5.610425642234086,0,7,17,1.9,0.2,0.0,0.0,0.0,0.0,0.569870082286732,0.689870082286732,0.6200990420965261,0.0,1.3065963021094513,0.31999999999999995,1.9874999999999998,0.2,0.0,0.0,-0.4999999999999997,-0.8660254037844388,-0.9659258262890683,-0.25881904510252063,76.3,-0.3826834323650897,0.9238795325112867,-0.036999999999999034,0.4230000000000018,0,0,0,0,1,bajo,24.529199413772538,vigilancia,bajo,pop_proxy_no_qpf;mrms_forecast_gap,100.0
2026-07-03T21:39:07+00:00,Aguada,18.379,-67.188,west,18,1,pop_proxy_no_qpf,0.178,18.6,80.0,82.3,82.1,6.8,78.8,24,27.3,ok,15.7,-999999.0,2.639938549879876,0,7,17,1.9,0.2,0.0,0.0,0.0,0.0,0.6141905388968343,0.7921905388968342,0.333709352720454,0.13651400693808086,1.21416073068088,0.24724999999999997,1.8779999999999997,0.2,0.0,0.0,-0.4999999999999997,-0.8660254037844388,-0.9659258262890683,-0.25881904510252063,90.10680222190895,0.1942343512199721,0.9809551553491915,0.17900000000000205,0.8880000000000052,0,0,1,0,0,bajo,30.564095927865175,vigilancia,bajo,pop_proxy_no_qpf;mrms_forecast_gap,100.0
2026-07-03T21:39:07+00:00,Aguadilla,18.427,-67.154,west,30,1,pop_proxy_no_qpf,0.167,17.4,90.0,82.9,76.4,8.0,81.6,24,12.4,ok,1.3,5.77,1.884654455280456,0,7,17,1.9,0.2,0.0,0.0,0.0,0.0,0.5940538032301951,0.7610538032301951,0.3252790992528638,0.11231220787578672,1.1800149211570703,0.23625000000000002,1.8069999999999995,0.0,0.0,0.0,-0.4999999999999997,-0.8660254037844388,-0.9659258262890683,-0.25881904510252063,89.96665851607617,0.14608302856241165,0.9892723329629883,0.2270000000000003,0.8539999999999992,0,0,1,0,0,bajo,23.021591835532146,vigilancia,bajo,pop_proxy_no_qpf;mrms_forecast_gap,100.0
2026-07-03T21:39:07+00:00,Aguas Buenas,18.256,-66.103,central_mountains,259,0,pop_proxy_no_qpf,0.192,20.0,50.0,80.0,80.8,9.1,112.5,24,0.0,ok,4.12,1.08,3.8554236802321102,0,7,17,1.9,0.2,0.0,0.0,0.0,0.0,0.510111649464166,0.7021116494641659,0.5731645518949914,0.0,1.3041547782999274,0.26125,2.0595,0.2,0.0,0.0,-0.4999999999999997,-0.8660254037844388,-0.9659258262890683,-0.25881904510252063,84.33838497120016,-0.3826834323650897,0.9238795325112867,0.05600000000000094,-0.19700000000000273,0,0,0,0,1,bajo,10.710015521398525,bajo,bajo,pop_proxy_no_qpf,100.0
2026-07-03T21:39:07+00:00,Aibonito,18.139,-66.266,central_mountains,720,0,pop_proxy_no_qpf,0.116,12.1,40.0,75.9,81.3,9.2,88.1,24,0.0,ok,9.94,0.0,2.8358838192238074,0,7,17,1.9,0.2,0.0,0.0,0.0,0.0,0.5970249269625414,0.7130249269625414,0.47286482840989585,0.0,1.2671381116332605,0.2635,1.9920714285714287,0.2,0.0,0.0,-0.4999999999999997,-0.8660254037844388,-0.9659258262890683,-0.25881904510252063,75.9,0.033155178388526496,0.9994502159417571,-0.06099999999999994,-0.033999999999991815,0,0,0,0,1,bajo,13.754467100178509,bajo,bajo,pop_proxy_no_qpf,100.0
2026-07-03T21:39:07+00:00,Anasco,18.282,-67.14,west,20,1,pop_proxy_no_qpf,0.172,17.9,70.0,82.2,82.9,4.6,102.2,24,14.7,ok,2.77,272.0,5.843419692148941,0,7,17,1.9,0.2,0.0,0.0,0.0,0.0,0.5883340759187259,0.7603340759187258,0.4289027537395142,0.0,1.2366593973475466,0.269,1.8719999999999997,0.2,0.0,0.0,-0.4999999999999997,-0.8660254037844388,-0.9659258262890683,-0.25881904510252063,90.06532517762385,-0.21132479645538865,0.9774158942860959,0.08200000000000074,0.8400000000000034,0,0,1,0,0,bajo,23.748674835105984,vigilancia,bajo,pop_proxy_no_qpf;mrms_forecast_gap,100.0
2026-07-03T21:39:07+00:00,Arecibo,18.472,-66.716,north_coast,10,1,pop_proxy_no_qpf,0.121,12.6,70.0,82.5,81.8,13.3,92.8,24,0.5,ok,3.43,59.8,4.001651514248563,0,7,17,1.9,0.2,0.0,0.0,0.0,0.0,0.4760062817907484,0.5970062817907484,0.3859569980970005,0.0,1.1048927306808798,0.17099999999999999,1.8209999999999997,0.0,0.0,0.0,-0.4999999999999997,-0.8660254037844388,-0.9659258262890683,-0.25881904510252063,90.54591988119978,-0.04884976979561327,0.9988061373414341,0.272000000000002,0.4159999999999968,1,0,0,0,0,bajo,10.282069099698234,bajo,bajo,pop_proxy_no_qpf,100.0
2026-07-03T21:39:07+00:00,Arroyo,17.965,-66.061,south_coast,16,1,pop_proxy_no_qpf,0.281,29.2,60.0,82.5,74.9,12.2,84.4,24,0.2,ok,2.58,19.7,2.900256810967151,0,7,17,1.9,0.2,0.0,0.0,0.0,0.0,0.5094647079955656,0.7904647079955657,0.37520305846358615,0.05765633567835937,1.2723500640142131,0.381,1.9809999999999999,0.2,0.0,0.0,-0.4999999999999997,-0.8660254037844388,-0.9659258262890683,-0.25881904510252063,88.635300015925,0.09758289975914945,0.9952273999818312,-0.23499999999999943,-0.2389999999999901,0,1,0,0,0,bajo,10.785111787951223,bajo,bajo,pop_proxy_no_qpf,100.0
2026-07-03T21:39:07+00:00,Barceloneta,18.45,-66.538,north_coast,15,1,pop_proxy_no_qpf,0.102,10.6,60.0,82.2,81.7,12.5,95.6,24,0.0,,10.5,128.0,4.409656937147905,0,7,17,1.9,0.2,0.0,0.0,0.0,0.0,0.467675549447182,0.569675549447182,0.4062279715231338,0.0,1.089720064014213,0.16449999999999998,1.8019999999999998,0.0,0.0,0.0,-0.4999999999999997,-0.8660254037844388,-0.9659258262890683,-0.25881904510252063,89.73717685365592,-0.09758289975914933,0.9952273999818312,0.25,0.23799999999999955,1,0,0,0,0,bajo,11.516431043919003,bajo,bajo,pop_proxy_no_qpf,98.30508474576271
2026-07-03T21:39:07+00:00,Barranquitas,18.186,-66.306,central_mountains,640,0,pop_proxy_no_qpf,0.108,11.2,50.0,76.0,85.7,8.2,95.6,24,0.0,,2.88,1.98,1.7049749085969481,0,7,17,1.9,0.2,0.0,0.0,0.0,0.0,0.5933405630906846,0.7013405630906846,0.5080956070232263,0.0,1.2775727782999273,0.267,2.0051428571428564,0.2,0.0,0.0,-0.4999999999999997,-0.8660254037844388,-0.9659258262890683,-0.25881904510252063,76.0,-0.09758289975914933,0.9952273999818312,-0.013999999999999346,0.006000000000000227,0,0,0,0,1,bajo,10.080515737277235,bajo,bajo,pop_proxy_no_qpf,98.30508474576271
2026-07-03T21:39:07+00:00,Bayamon,18.399,-66.156,north_coast,16,0,pop_proxy_no_qpf,0.192,20.0,60.0,84.0,79.4,11.5,98.4,24,0.0,,1.04,2.19,2.5560448431766636,0,7,17,1.9,0.2,0.0,0.0,0.0,0.0,0.387678704881948,0.5796787048819481,0.5175811151074204,0.0,1.176365587823737,0.2545,1.825333333333333,0.2,0.0,0.0,-0.4999999999999997,-0.8660254037844388,-0.9659258262890683,-0.25881904510252063,93.75474693520009,-0.14608302856241176,0.9892723329629883,0.19900000000000162,-0.14399999999999125,1,0,0,0,0,bajo,6.896465753701429,bajo,bajo,pop_proxy_no_qpf,98.30508474576271
2026-07-03T21:39:07+00:00,Cabo Rojo,18.086,-67.145,west,10,1,pop_proxy_no_qpf,0.084,8.8,30.0,82.2,83.6,9.7,99.4,24,0.0,,1.53,6.14,3.3695446312057347,0,7,17,1.9,0.2,0.0,0.0,0.0,0.0,0.6424930504158202,0.7264930504158201,0.3038306424737025,0.08044011938376106,1.1947993851858727,0.14625,1.7839999999999998,0.0,0.0,0.0,-0.4999999999999997,-0.8660254037844388,-0.9659258262890683,-0.25881904510252063,90.25919026806409,-0.1633259622416224,0.9865721616069694,-0.11400000000000077,0.8449999999999989,0,0,1,0,0,bajo,8.756423554574022,bajo,bajo,pop_proxy_no_qpf,98.30508474576271
